-- MariaDB dump 10.19  Distrib 10.4.32-MariaDB, for Win64 (AMD64)
--
-- Host: localhost    Database: inventory
-- ------------------------------------------------------
-- Server version	10.4.32-MariaDB

/*!40101 SET @OLD_CHARACTER_SET_CLIENT=@@CHARACTER_SET_CLIENT */;
/*!40101 SET @OLD_CHARACTER_SET_RESULTS=@@CHARACTER_SET_RESULTS */;
/*!40101 SET @OLD_COLLATION_CONNECTION=@@COLLATION_CONNECTION */;
/*!40101 SET NAMES utf8mb4 */;
/*!40103 SET @OLD_TIME_ZONE=@@TIME_ZONE */;
/*!40103 SET TIME_ZONE='+00:00' */;
/*!40014 SET @OLD_UNIQUE_CHECKS=@@UNIQUE_CHECKS, UNIQUE_CHECKS=0 */;
/*!40014 SET @OLD_FOREIGN_KEY_CHECKS=@@FOREIGN_KEY_CHECKS, FOREIGN_KEY_CHECKS=0 */;
/*!40101 SET @OLD_SQL_MODE=@@SQL_MODE, SQL_MODE='NO_AUTO_VALUE_ON_ZERO' */;
/*!40111 SET @OLD_SQL_NOTES=@@SQL_NOTES, SQL_NOTES=0 */;

--
-- Table structure for table `admin`
--

DROP TABLE IF EXISTS `admin`;
/*!40101 SET @saved_cs_client     = @@character_set_client */;
/*!40101 SET character_set_client = utf8 */;
CREATE TABLE `admin` (
  `username` varchar(255) NOT NULL,
  `password` varchar(255) NOT NULL,
  PRIMARY KEY (`username`)
) ENGINE=InnoDB DEFAULT CHARSET=utf8mb4 COLLATE=utf8mb4_general_ci;
/*!40101 SET character_set_client = @saved_cs_client */;

--
-- Dumping data for table `admin`
--

LOCK TABLES `admin` WRITE;
/*!40000 ALTER TABLE `admin` DISABLE KEYS */;
INSERT INTO `admin` VALUES ('admin','admin');
/*!40000 ALTER TABLE `admin` ENABLE KEYS */;
UNLOCK TABLES;

--
-- Table structure for table `borrow`
--

DROP TABLE IF EXISTS `borrow`;
/*!40101 SET @saved_cs_client     = @@character_set_client */;
/*!40101 SET character_set_client = utf8 */;
CREATE TABLE `borrow` (
  `SID` int(11) NOT NULL,
  `IID` int(11) NOT NULL,
  `quantity` int(11) NOT NULL,
  `date` varchar(255) NOT NULL,
  `status` varchar(255) NOT NULL DEFAULT 'Pending',
  KEY `SID` (`SID`),
  KEY `IID` (`IID`),
  CONSTRAINT `borrow_ibfk_1` FOREIGN KEY (`SID`) REFERENCES `student` (`ID`),
  CONSTRAINT `borrow_ibfk_2` FOREIGN KEY (`IID`) REFERENCES `item` (`itemID`),
  CONSTRAINT `borrow_ibfk_3` FOREIGN KEY (`SID`) REFERENCES `student` (`ID`) ON UPDATE CASCADE,
  CONSTRAINT `borrow_ibfk_4` FOREIGN KEY (`IID`) REFERENCES `item` (`itemID`) ON UPDATE CASCADE
) ENGINE=InnoDB DEFAULT CHARSET=utf8mb4 COLLATE=utf8mb4_general_ci;
/*!40101 SET character_set_client = @saved_cs_client */;

--
-- Dumping data for table `borrow`
--

LOCK TABLES `borrow` WRITE;
/*!40000 ALTER TABLE `borrow` DISABLE KEYS */;
INSERT INTO `borrow` VALUES (4,3,4,'2024-12-14 0:57:44','Pending'),(1,1,2,'2024-12-14 1:15:55','Pending'),(1,2,2,'2024-12-14 1:32:41','Pending');
/*!40000 ALTER TABLE `borrow` ENABLE KEYS */;
UNLOCK TABLES;

--
-- Table structure for table `item`
--

DROP TABLE IF EXISTS `item`;
/*!40101 SET @saved_cs_client     = @@character_set_client */;
/*!40101 SET character_set_client = utf8 */;
CREATE TABLE `item` (
  `itemID` int(11) NOT NULL AUTO_INCREMENT,
  `itemName` varchar(255) NOT NULL,
  `quantity` int(11) DEFAULT NULL CHECK (`quantity` >= 0),
  PRIMARY KEY (`itemID`)
) ENGINE=InnoDB AUTO_INCREMENT=5 DEFAULT CHARSET=utf8mb4 COLLATE=utf8mb4_general_ci;
/*!40101 SET character_set_client = @saved_cs_client */;

--
-- Dumping data for table `item`
--

LOCK TABLES `item` WRITE;
/*!40000 ALTER TABLE `item` DISABLE KEYS */;
INSERT INTO `item` VALUES (1,'Beaker',48),(2,'Graduated Cylinder',48),(3,'Meter Stick',50),(4,'Scale',50);
/*!40000 ALTER TABLE `item` ENABLE KEYS */;
UNLOCK TABLES;

--
-- Table structure for table `returned`
--

DROP TABLE IF EXISTS `returned`;
/*!40101 SET @saved_cs_client     = @@character_set_client */;
/*!40101 SET character_set_client = utf8 */;
CREATE TABLE `returned` (
  `SID` int(11) NOT NULL,
  `IID` int(11) NOT NULL,
  `quantity` int(11) NOT NULL,
  KEY `SID` (`SID`),
  KEY `IID` (`IID`),
  CONSTRAINT `returned_ibfk_1` FOREIGN KEY (`SID`) REFERENCES `student` (`ID`),
  CONSTRAINT `returned_ibfk_2` FOREIGN KEY (`IID`) REFERENCES `item` (`itemID`)
) ENGINE=InnoDB DEFAULT CHARSET=utf8mb4 COLLATE=utf8mb4_general_ci;
/*!40101 SET character_set_client = @saved_cs_client */;

--
-- Dumping data for table `returned`
--

LOCK TABLES `returned` WRITE;
/*!40000 ALTER TABLE `returned` DISABLE KEYS */;
INSERT INTO `returned` VALUES (1,4,2),(1,1,1),(1,4,5),(1,3,3);
/*!40000 ALTER TABLE `returned` ENABLE KEYS */;
UNLOCK TABLES;

--
-- Table structure for table `student`
--

DROP TABLE IF EXISTS `student`;
/*!40101 SET @saved_cs_client     = @@character_set_client */;
/*!40101 SET character_set_client = utf8 */;
CREATE TABLE `student` (
  `username` varchar(255) NOT NULL,
  `password` varchar(255) NOT NULL,
  `firstname` varchar(255) NOT NULL,
  `lastname` varchar(255) NOT NULL,
  `ID` int(11) NOT NULL AUTO_INCREMENT,
  PRIMARY KEY (`ID`),
  UNIQUE KEY `username` (`username`)
) ENGINE=InnoDB AUTO_INCREMENT=5 DEFAULT CHARSET=utf8mb4 COLLATE=utf8mb4_general_ci;
/*!40101 SET character_set_client = @saved_cs_client */;

--
-- Dumping data for table `student`
--

LOCK TABLES `student` WRITE;
/*!40000 ALTER TABLE `student` DISABLE KEYS */;
INSERT INTO `student` VALUES ('lopiniano','12345','Louie Constantine','Opiniano',1),('tanny1','12345678','Tanny','Tanny',4);
/*!40000 ALTER TABLE `student` ENABLE KEYS */;
UNLOCK TABLES;
/*!40103 SET TIME_ZONE=@OLD_TIME_ZONE */;

/*!40101 SET SQL_MODE=@OLD_SQL_MODE */;
/*!40014 SET FOREIGN_KEY_CHECKS=@OLD_FOREIGN_KEY_CHECKS */;
/*!40014 SET UNIQUE_CHECKS=@OLD_UNIQUE_CHECKS */;
/*!40101 SET CHARACTER_SET_CLIENT=@OLD_CHARACTER_SET_CLIENT */;
/*!40101 SET CHARACTER_SET_RESULTS=@OLD_CHARACTER_SET_RESULTS */;
/*!40101 SET COLLATION_CONNECTION=@OLD_COLLATION_CONNECTION */;
/*!40111 SET SQL_NOTES=@OLD_SQL_NOTES */;

-- Dump completed on 2024-12-14  1:40:04
